"Paul David","65094"
"Kobe David","39024"
"Kobe King","65083.200000000004"
"Jordan King","63364.8"
"Paul Lee","58700.40000000001"
"Kobe John","53563.200000000004"
"James Lee","67803.59999999999"
"James David","61844.40000000001"
"Smith King","47607.6"
"James John","61556.4"